"stock","ridge","lasso","en1","en2","adlasso","ridge_dcsis","lasso_dcsis","en1_dcsis","en2_dcsis","adlasso_dcsis"
"MICROSOFT",0.046407131462273,0.0553944484043608,0.0553788481218872,0.0553771878718339,0.0547774984680831,0.0399211373382048,0.0488697165902316,0.0478442777380795,0.0474611005840138,0.0522597416195748
"APPLE",0.048911142556929,0.0559237259346324,0.0559183567186078,0.0559296469231091,0.0563260114474076,0.031694480514144,0.0381226062050973,0.0374247055206878,0.0371444182477879,0.0372651968991191
"NVIDIA",0.0128744189119768,0.0147187857458345,0.0147079028831945,0.0147159461470082,0.0150867454371788,0.00779890656410146,0.00730579023109947,0.00718860399307428,0.00713672128054721,0.00973674801570321
"AMAZON.COM",0.0329569204962157,0.0372002895423855,0.0371867702985804,0.0371961609643467,0.0372239465635968,0.0271052168318707,0.0297146654168783,0.0295191652400332,0.0294591528158897,0.0317406284963254
"META PLATFORMS A",0.0172928255769665,0.0184207727184981,0.0184195095920678,0.0184146143597515,0.0187580259648786,0.0165108085280277,0.017193661312881,0.0171244195791973,0.0171047440750769,0.0175728906123082
"ALPHABET A",0.0183535203827681,0.0328621600873205,0.0328558317688587,0.0328496376295847,0.0327356559244739,NA,NA,NA,NA,NA
"ELI LILLY",0.0141668320474345,0.0144277145950173,0.0144221777014615,0.0144241505025898,0.0142223719936097,NA,NA,NA,NA,NA
"TESLA",0.00645475514225859,0.00653092350141204,0.00652805459380124,0.0065286314574912,0.00667592468078639,0.000745822950558873,0,0,0,0
"BROADCOM",0.009268258062097,0.00933654765224101,0.00933267574839193,0.00933876547452179,0.0103219914970835,0.00573901477568621,0.0042719679891894,0.00428878109464932,0.00428087934865274,0.00596799059347953
"JP MORGAN CHASE & CO.",0.0141305373144114,0.0197940338167161,0.0197423198367923,0.0197305886101066,0.0198757343059429,NA,NA,NA,NA,NA
"WALMART",0.00416835728064016,0.00255100088327422,0.00254894610401727,0.0025484909135803,0.00231465323286484,0.0160526464996842,0.0138458108839094,0.0138753368935522,0.0138561362456813,0.0165531738862787
"VISA 'A'",0.00965636736618713,0.0107851246289282,0.0107678720435393,0.0107914531577723,0.0121332463757136,0.01482558059493,0.0197317035507857,0.0193467804099691,0.019327342630312,0.0170133247021296
"EXXON MOBIL",0.0137893834398908,0.018698018474106,0.0186806196583726,0.0186701922454473,0.0209541113413213,0.0196560684688923,0.029282576463873,0.0288442027705997,0.0287136984710542,0.0273845059479991
"MASTERCARD",0.00689919055011595,0.00542457415124128,0.00543267693605917,0.00539551550219879,0.00492694255766448,NA,NA,NA,NA,NA
"UNITEDHEALTH GROUP",0.0126757174584483,0.0130971846303576,0.0131010137580858,0.0130905038648211,0.0130125771784816,NA,NA,NA,NA,NA
"PROCTER & GAMBLE",0.00356597665536506,0.00329545503861132,0.00330860802801886,0.00331563357572051,0.00286723035035976,NA,NA,NA,NA,NA
"JOHNSON & JOHNSON",0.0109418354886089,0.0113441240846867,0.0113449187544896,0.0113521991387299,0.0130501504834785,0.0235390866981557,0.022613450771789,0.0224552121969197,0.0223997274665052,0.0257047380934109
"HOME DEPOT",0.000973652624229871,0,0,0,0,NA,NA,NA,NA,NA
"ADVANCED MICRO DEVICES",0.00104216287060127,0.000261068852666845,0.000262739706711976,0.000257593900869832,0,0.000208980782691432,5.88452506711357e-05,7.11514419662624e-05,0.000100864484544919,0
"COSTCO WHOLESALE",0.0168731842840085,0.0177607452889698,0.0177628546737394,0.0177600508756063,0.01916835019381,NA,NA,NA,NA,NA
"MERCK & COMPANY",0.00381800344876062,0.00314907498877701,0.00314910841685082,0.00315201738145864,0.00263247189961745,0.0066978144867095,0.0108477420073407,0.0107461811225204,0.0107152021229015,0.00741526452268572
"ORACLE",0.0077078083606779,0.00773112052277913,0.00773092530718516,0.00772878889672135,0.00851564983516954,NA,NA,NA,NA,NA
"ABBVIE",0.00347773415860967,0.00424828182519878,0.00424380022982629,0.00424728661914988,0.00429913866053652,0.0117804893983828,0.010468158074336,0.01052774961976,0.0105052437709494,0.0129053331848461
"SALESFORCE",0.00295312301942654,0.00113330707989422,0.00114132231842155,0.00113687597408566,0.000751251156198117,0.00556313387176436,0.00383057498122527,0.00408090550676988,0.00418571364863596,0.00438643181451929
"BANK OF AMERICA",0.00685138407836038,0.0067565720393915,0.00676960748702296,0.00678049865297252,0.00944829413320229,0.0114254766134857,0.0136605671361417,0.0133509402558233,0.0132543419742644,0.0144021758666347
"CHEVRON",0.00143416035273803,0,0,0,0,NA,NA,NA,NA,NA
"COCA COLA",0.00761958361542835,0.00884251112108624,0.00884442864671424,0.00883873347675803,0.0114165370097418,0.0122633079689682,0.0152689646712723,0.0152769434693096,0.015185902277365,0.0137954180023678
"NETFLIX",0.0026446684095225,0.001072836874406,0.00107641082485878,0.00108051001222483,3.76340647139983e-05,0.00661525030695058,0.00505398429938081,0.00526356778174573,0.0053189370399693,0.00606141062496939
"ADOBE (NAS)",0.00803080338878992,0.00677575968672732,0.0067762485585244,0.00676710035653477,0.00677042596323228,0.00537446335460301,0,0,0,0.00190476662788525
"ACCENTURE CLASS A",0.0139827706016714,0.015604242977698,0.0156031533974857,0.0155647042742196,0.0171632575529825,0.0165283129992085,0.0208254906800165,0.0206240899635023,0.0207338376137768,0.0181569957887445
"CISCO SYSTEMS",0.00260599341130241,0.000682333207307915,0.000689547881611683,0.000681181934038413,0,NA,NA,NA,NA,NA
"PEPSICO",0.00523672069863101,0.00188162368138632,0.00189061749881933,0.00188758564446305,0.000974801048271184,0.0152347833151753,0.0118721288625022,0.0119271918980441,0.0121041520167133,0.0125899523711061
"LINDE (NYS)",0.0106116239383455,0.0115999385159754,0.011590275101445,0.0115832687648426,0.0121964921644628,0.0127279879781029,0.01014968508025,0.0100364949250399,0.0100584965270538,0.0138191730489311
"THERMO FISHER SCIENTIFIC",0.00951096112253823,0.0125849142563836,0.0125867449812709,0.0125736150477244,0.0146872355709754,0,0,0,0,0
"ABBOTT LABORATORIES",0,0,0,0,0,NA,NA,NA,NA,NA
"MCDONALDS",0.00518098569188071,0.00458086213827453,0.00457632652207731,0.00457290239598365,0.00368150977689923,NA,NA,NA,NA,NA
"WELLS FARGO & CO",0.00345860594107622,0.00330285974938735,0.0032950756692274,0.00329173890856568,0.00349126487564935,0.00816609405621442,0.00308230319915264,0.00312311548287004,0.00323698549665926,0.00648004063882597
"INTEL",0.00332769716479445,0.00223696709489169,0.00223680216327924,0.00223157317575714,0.001825211008396,NA,NA,NA,NA,NA
"WALT DISNEY",0.00916137442836472,0.00988509139454847,0.00987923729511892,0.00987739391594365,0.0111228675584067,0.0149616707427536,0.0168137563486258,0.0166430243401751,0.0165875494693623,0.0172452351365027
"INTERNATIONAL BUS.MCHS.",0.0033627172318764,0.00296169696506739,0.00295750684795639,0.00295955956940099,0.00263253793305126,NA,NA,NA,NA,NA
"T-MOBILE US",0,0,0,0,0,NA,NA,NA,NA,NA
"GENERAL ELECTRIC",0.000435155452808733,0,0,0,0,0.00223363076525919,0.00115994238269211,0.00121494750915507,0.00124035449873932,0.000870273486314625
"QUALCOMM",0.00702963621418302,0.0066581219007379,0.00665488747556469,0.00665082228719542,0.00671288292804108,0.00259179576621288,0.00161476210663486,0.00173298390952247,0.00178778163780682,0.000411942786086121
"DANAHER",0.00110094474472913,0,0,0,0,0.00569860758193959,0.00910019334534321,0.00876780565855836,0.0085949528270113,0.00632776980325032
"INTUIT",0.0118908280843101,0.0140079083195749,0.0140047095595588,0.0139979321400938,0.0159606734004002,0.00519906167918494,0.0110110749679024,0.0108559126344,0.0106113249587823,0.00656948747119897
"APPLIED MATS.",0,0,0,0,0,0.00474105253866279,0.00318269467161268,0.00312075420428496,0.00314205699983178,0.00524434777556577
"CATERPILLAR",0.000473384769855746,0,0,0,0,NA,NA,NA,NA,NA
"VERIZON COMMUNICATIONS",0.0163531468984478,0.018199691182933,0.0181885646513481,0.0181945472586849,0.0190732802872111,0.014420863533129,0.0127156679535376,0.012780506850665,0.0128154611341247,0.0145384059229413
"AMERICAN EXPRESS",0.00350964198039539,0.00218807759784353,0.00220202272714446,0.00220710302666181,0.00162981504026738,NA,NA,NA,NA,NA
"PFIZER",0.0053574253792793,0.00497470648601401,0.00497143145462832,0.00497773060145209,0.00491444829188201,0.0103006546497139,0.00881909339274928,0.00900271873646159,0.009044037135892,0.00930324198759598
"S&P GLOBAL",0,0,0,0,0,NA,NA,NA,NA,NA
"COMCAST A",0.00961660968528059,0.0103217449049415,0.0103238817126865,0.0103219220656264,0.0110777186053246,0.00706790184525951,0.00368898397464831,0.0038692146270134,0.00396091770862982,0.00659486679094672
"TEXAS INSTRUMENTS",0.000872459954340147,0,0,0,0,0.0032907260830597,0.00806969684210718,0.00806598745249733,0.00803102316352127,0.00157295911434659
"AMGEN",0.00513734048328677,0.00515163952937801,0.00515918704375326,0.00515474387756925,0.00586564059391431,0.00717163788164557,0.00816203811553223,0.00811217327459503,0.00818296044363031,0.00745977153692777
"CITIGROUP",0,0,0,0,0,0.0136462930964802,0.0160496938475104,0.0157241123999286,0.0156284336075706,0.0181431446910425
"MORGAN STANLEY",0.00407638325374547,0.00204027849602379,0.00207607034401965,0.00208139025696865,0.00154071591178778,0.00564907234374557,0.00345104252325824,0.00465443976187626,0.00487780190285682,8.2041278369248e-05
"NIKE 'B'",0.0033921815271742,0.00245318541918732,0.00245999289342831,0.00246004589011457,0.00256854794318331,0.00293782524734421,0.00389702814215315,0.00394937044003792,0.00395173932915951,0.00273491747093051
"UNION PACIFIC",0,0,0,0,0,0.00527644656807498,0.00401074203378985,0.00441485795871312,0.00451115263041027,0.00398311156111264
"PARKER-HANNIFIN",0.00419866642718302,0.00462383592177401,0.00464266700330543,0.00465285591874189,0.004393717758987,0.00554158559545514,0.00646051593168679,0.00659704609463558,0.00653142285516845,0.00817945287887405
"SERVICENOW",0.000228502169529386,0,0,0,0,0.000275506984506868,0,0,0,0
"GOLDMAN SACHS GP.",0.00138882896554856,0,0,0,0,NA,NA,NA,NA,NA
"PHILIP MORRIS INTL.",0.00031623883896597,0.000660362959925752,0.000659177636238043,0.000666118355354009,0,0.00754564089937779,0.00322188284409364,0.00328651078848954,0.00331116018588504,0.0065086714915847
"BOEING",0,0,0,0,0,NA,NA,NA,NA,NA
"CONOCOPHILLIPS",0.00386530472709176,0.00438158153548155,0.00438630142295401,0.00439722432023651,0.00385919187434731,0.00340976003599573,0.00181383990665642,0.00207824822465904,0.00210599249174899,0.00263719966706116
"HONEYWELL INTL.",0.00512673350579644,0.00597123825192001,0.00599687578046488,0.00602357094538736,0.00707134102735558,0.0128241136188865,0.021905711182849,0.021367894518102,0.0212492574767396,0.0208250017636432
"LOWE'S COMPANIES",0.00358650546197599,0.003624669435784,0.00363467864765165,0.00364642425446839,0.00436248358352791,NA,NA,NA,NA,NA
"AT&T",0,0,0,0,0,0.0123249084874539,0.0115675974345518,0.0115032083252887,0.0114862877851436,0.0141897891457546
"INTUITIVE SURGICAL",0.0022241519666333,8.99114062218343e-05,0.000105696129099164,0.00011143508367388,0,0.00143492729629252,0.00121779186254901,0.00160837739772975,0.0017825455081269,0
"STRYKER",0.00147985264952978,0.000991000733669108,0.0010071692012355,0.000999142115560743,0,NA,NA,NA,NA,NA
"PROLOGIS REIT",0.0022226805374204,0.00252407449577809,0.00253700646453364,0.00253506668371208,0.00258907650064569,0.000817995464034968,0.003079820237991,0.0030917766921255,0.00311924803667304,0
"BLACKROCK",0.00611771520864208,0.00514537671475027,0.00515363151364964,0.00512238063638172,0.00458209072588208,0.00653615756503807,0.00470139861683745,0.0052576783048315,0.00558547960343272,0.00643763875300412
"BOOKING HOLDINGS",0.00352579603424433,0.00309603918510329,0.0031012823442136,0.00309973046439793,0.00303737842939415,0.00427051849146085,0.00428495594523495,0.00432107833982878,0.0043997900558724,0.00523362045449924
"EATON",0.00687922238667804,0.00815201120038933,0.00814000675458158,0.00813503250050002,0.00969249631500683,0.000870953786857559,0,0,0,0
"LAM RESEARCH",0.000101658673947736,0,0,0,0,0.000797908937375873,0,0,0,0
"RTX",0.000159738751533579,0,0,0,0,NA,NA,NA,NA,NA
"BRISTOL MYERS SQUIBB",0.00147665053396841,0.00157833185319295,0.00156756167911794,0.00156185452835927,0,0.00524985293666051,0.00386861705077852,0.00395929004152883,0.00399047676544026,0.00392278079817519
"CHARLES SCHWAB",0.00273513660315904,0.00366386752297987,0.00364117722490017,0.00364887709238335,0.00326843595240381,NA,NA,NA,NA,NA
"NEXTERA ENERGY",0.00493743226478984,0.00513964069606325,0.00513358989539725,0.00511128838752853,0.00620563934247425,NA,NA,NA,NA,NA
"ELEVANCE HEALTH",0,0,0,0,0,NA,NA,NA,NA,NA
"LOCKHEED MARTIN",0.000904554800789048,0,0,0,0,0.0090778822541656,0.00636511811433659,0.00638027316190968,0.00646592995716157,0.0105340037124837
"MEDTRONIC",0.00120017733004291,0.00154342030442752,0.00153605860672104,0.00153715337996584,0,0.00967020665493133,0.00753342471715992,0.0075648949167982,0.00757822749681466,0.00983859026221292
"MICRON TECHNOLOGY",0,0,0,0,0,NA,0.00233196698161979,0.002360429838781,0.00235516983178735,NA
"PROGRESSIVE OHIO",0,0,0,0,0,NA,NA,NA,NA,NA
"STARBUCKS",0.00297036346395497,0.00272157751630439,0.0027188180928709,0.00271118159891886,0.00275113275712883,0.0071244307021203,0.00404225686951368,0.00413228107284169,0.00421161274165051,0.00678993486516901
"DEERE",0.00386880566427906,0.00411116689370837,0.00410658563492599,0.00409921330971259,0.00437577302147215,0.00677844204279556,0.00669845526882284,0.00662848245440166,0.00667940345820823,0.00644006579464674
"UNITED PARCEL SER.'B'",0.00546704529048166,0.00459903025046732,0.00460381527483488,0.00459924514371906,0.00524735051269933,0.00683758440134075,0.00876237322149234,0.00848638860799093,0.00827257198809562,0.00895194281850788
"MARSH & MCLENNAN",0.00789625645307827,0.00981515726227337,0.00981659777713843,0.00981396494533245,0.0116342420742766,NA,NA,NA,NA,NA
"TJX",0.00507928753830021,0.00575645050612781,0.00575282284416149,0.0057615574489076,0.00690174489410198,0.00596062957608711,0.007555205872449,0.0076410818449879,0.00766731214908974,0.00776206278943607
"VERTEX PHARMS.",0,0,0,0,0,NA,NA,NA,NA,NA
"AMERICAN TOWER",0.000916366742662651,0.000591853763443149,0.00059868394699563,0.000612202714496709,0,0.00464942556555557,0.00191809350177479,0.00188986315942456,0.00186441770290938,0.00432513010293831
"ANALOG DEVICES",0.00331324185118827,0.00240114883386632,0.00241518892860027,0.00242144171292269,0.00138725086734872,NA,NA,NA,NA,NA
"CHUBB",0.000889965551069993,0.000356366934643259,0.000355020839474438,0.000377272007254881,0,NA,NA,NA,NA,NA
"CIGNA",0.00101071049189743,0,0,0,0,NA,NA,NA,NA,NA
"CVS HEALTH",0.0048272497906084,0.00466695019757438,0.00466866742362198,0.00467159073425124,0.00493001652489532,NA,NA,NA,NA,NA
"MONDELEZ INTERNATIONAL CL.A",0,0,0,0,0,NA,NA,NA,NA,NA
"PALO ALTO NETWORKS",0.0018322784125191,0.0014667749697144,0.00146742957215729,0.00146828490572596,0.000606278828315209,NA,NA,NA,NA,NA
"REGENERON PHARMS.",0.00508889446107748,0.00502135587433765,0.0050174503946363,0.00501347806654304,0.00604835034699494,0.00281464410345819,0.00292552504160284,0.00279689510863607,0.00275007000356861,0.00415265129125831
"AUTOMATIC DATA PROC.",0,0,0,0,0,0.00805308557428616,0.00574357164793084,0.00591018596059275,0.00595480371520871,0.0104017745316723
"BOSTON SCIENTIFIC",0,0,0,0,0,NA,NA,NA,NA,NA
"EQUINIX REIT",0.00030272821814747,5.16433717248505e-05,5.68800276282736e-05,5.86501936281188e-05,0,0.00157589580253204,0,0,0,0.000650162649938832
"KLA",0.00568383751811827,0.00612934314560232,0.00613032263536105,0.00612426032795851,0.00618055727533964,0.0045623734582438,0.00260925350126779,0.00273452989035615,0.0027164663039788,0.00451713190600772
"SYNOPSYS",0.00847740301499809,0.00814654697384323,0.00814128349205086,0.00813203360309465,0.00841409884669858,0.00314096944126736,0.0013579232448902,0.0019090173271873,0.00191645911766635,0.00153201788935002
"ARISTA NETWORKS",0,0,0,0,0,0.00298613961104326,0.00280020069721454,0.00270109273571605,0.00264164707074138,0.00363799094467805
"CADENCE DESIGN SYS.",0,0,0,0,0,0.00159550553415878,0.00231973143362991,0.00213955456065785,0.00221566234926232,0
"FISERV",0.00083225205105082,0.000293583651875147,0.000300120348432026,0.000307690524178513,0,0.00293319189674603,0.00503497377405485,0.00513121169077758,0.00524753975880284,0.00270874971898953
"GILEAD SCIENCES",0.00200533343393465,0.00211440553222696,0.00211001225755101,0.00210956269247939,0.00100423379430946,0.00655600656813188,0.00984738394187839,0.00982160426459545,0.00979066167256878,0.00583359717406062
"BLACKSTONE",0.00202654079212288,0.00171384326851119,0.00171582594475065,0.00171937057077837,0.00160752164751537,NA,NA,NA,NA,NA
"HCA HEALTHCARE",0,0,0,0,0,0.00396754221892198,0.00419569757877463,0.00412478205616208,0.00412514451835409,0.00485773546186353
"SHERWIN-WILLIAMS",0.000276063848961524,0.00048225627245346,0.00048567260125136,0.000487656904590618,0,NA,NA,NA,NA,NA
"CME GROUP",0,0,0,0,0,0.00747851112968457,0.00425975154526039,0.00411371297732776,0.00403572267558344,0.00956519911750745
"GENERAL DYNAMICS",0.00537155709435522,0.00711766081123212,0.0071123237877226,0.00711239266756898,0.00848489892112674,NA,NA,NA,NA,NA
"TARGET",0.00117804789884589,0.00121046154371134,0.00121565735376776,0.00121551545300163,0,NA,NA,NA,NA,NA
"WASTE MANAGEMENT",0,0,0,0,0,0,0,0,0,0
"ZOETIS A",0.00195790700635928,0.000910677239907423,0.00091880887321191,0.000915415163616086,0,NA,NA,NA,NA,NA
"ALTRIA GROUP",0.00634453584503819,0.00597559542271973,0.00597154330615947,0.00597244364407756,0.00659347710323202,NA,NA,NA,NA,NA
"COLGATE-PALM.",0.000291092534454364,0.000309062120541215,0.000311263454959338,0.000320003224955946,0,NA,NA,NA,NA,NA
"DUKE ENERGY",0,0,0,0,0,0.00130066395501175,0,0,0,0
"ILLINOIS TOOL WORKS",0,0,0,0,0,NA,NA,NA,NA,NA
"INTERCONTINENTAL EX.",0.00360170146415917,0.00332174842462034,0.00331166552088833,0.00331131250967969,0.00357106814958208,0.00218789768396495,0,0,0,0
"MARRIOTT INTL.'A'",0,0,0,0,0,0,0,0,0,0
"MOODY'S",0,0,0,0,0,NA,NA,NA,NA,NA
"NORTHROP GRUMMAN",0,0,0,0,0,0.00488063334115696,0.00577636286629518,0.00586252545412975,0.00578463123330561,0.00407483112508732
"PAYPAL HOLDINGS",0.0030194396340433,0.00233702715237792,0.00233694422288571,0.00234187404387946,0.00245247411420451,NA,NA,NA,NA,NA
"SCHLUMBERGER",0,0,0,0,0,0,0,0,0,0
"3M",0,0,0,0,0,NA,NA,NA,NA,NA
"CHIPOTLE MEXN.GRILL",0,0,0,0,0,0,0,0,0,0
"CSX",0.000469258478920235,0,0,0,0,NA,NA,NA,NA,NA
"SOUTHERN",0,0,0,0,0,0,0,0,0,0
"US BANCORP",0,0,0,0,0,0.00609027504183831,0.00950820672681569,0.00957962568036581,0.00960519061571121,0.0071655961441057
"AMPHENOL 'A'",0.00248170835632769,0.0017527902885585,0.00176248298658205,0.00171853168604915,0.000776345409021087,0.000869711852931809,0.000826732673529962,0.0011467095210392,0.00127369462849323,0
"AON CLASS A",0.0032180018111405,0.00218291009148858,0.00216999797719511,0.00216288318219079,0.000406041151403052,0.00352807777268566,0,0,0,0.000276687554802555
"BECTON DICKINSON",0,0,0,0,0,0.00444802272542165,0.00814688420578106,0.00826737158718412,0.00835041676367499,0.00371072461062646
"ECOLAB",0,0,0,0,0,NA,NA,NA,NA,NA
"EOG RES.",0.0011809946172712,1.6053318656375e-05,1.54113839400493e-05,2.05138907733307e-05,0,0.00344272846877723,0.00248063341209004,0.00247186907247825,0.0024918120071803,0.00423739134820866
"FEDEX",0,0,0,0,0,NA,0.00239811888210795,0.00253755488307331,0.0026682567512146,NA
"MARATHON PETROLEUM",0,0,0,0,0,NA,NA,NA,NA,NA
"MCKESSON",0.00274211407708784,0.00231002956221396,0.0023036100463947,0.00229650971451727,0.00234779457077122,NA,NA,NA,NA,NA
"NXP SEMICONDUCTORS",0.00714611655294057,0.00896803009636436,0.00895817274096082,0.00894978902109299,0.0107628019699045,0.00272449133614267,0.0018990749692973,0.0017812414218662,0.00173315596668362,0.00420095868762328
"PHILLIPS 66",0,0,0,0,0,0.00318137416899465,0.000770771394977616,0.000973296643313657,0.0011696923489182,0.000379309849066836
"TRANSDIGM GROUP",0,0,0,0,0,0.000933951331281707,0.00145982756830783,0.00143621940859954,0.00144110714139329,0
"AUTODESK",0.0012928492493253,0.00105859020024009,0.00106005388451909,0.00106199483108472,0,0.00364569178560605,0.00295343077328539,0.00289682491917948,0.00293436467469097,0.00507445324156769
"CINTAS",0.00257081918529613,0.000609307680986423,0.000623967376158127,0.000641028433409847,0,0.00149858803507443,0.00236238256560165,0.00237993265016711,0.00234506692617468,0
"EMERSON ELECTRIC",0,0,0,0,0,NA,NA,NA,NA,NA
"FORD MOTOR",0.00432926882232144,0.00468677525017717,0.00468970037612512,0.00469342710853136,0.00529535356549279,NA,NA,NA,NA,NA
"GENERAL MOTORS",0,0,0,0,0,NA,NA,NA,NA,NA
"MONSTER BEVERAGE",0.0034300144860446,0.00344593810339388,0.00345396851543701,0.00345869714933098,0.00368492303655478,NA,NA,NA,NA,NA
"O REILLY AUTOMOTIVE",0.00139766486311048,0.000482278669582905,0.000482644312761051,0.000485849887262669,0,NA,NA,NA,NA,NA
"OCCIDENTAL PTL.",0.00178218005841968,0.00162383445915003,0.00161884511795768,0.00161474653463715,0.00044783747766168,0.00229380900328619,7.30756342909239e-05,0.000149202598820762,0.000213519014233753,0.00177130811842122
"PACCAR",0.00470919281399363,0.00501570071221006,0.00500982179953623,0.00500784959042686,0.00534900325903504,NA,NA,NA,NA,NA
"PIONEER NTRL.RES.",0.000476550807165869,0,0,0,0,0.00353332043691632,0.00400510611288637,0.00412665759239746,0.00416362488936646,0.00295271003753365
"PNC FINL.SVS.GP.",0.00268391420983158,0.00179379131823937,0.00179857668088685,0.00179161162474563,5.41814568613948e-05,0.0031554973345636,0,0,0,0.000704962823911653
"TRANE TECHNOLOGIES",0.00125990431870968,0.000280072153819368,0.000278348722540898,0.000279427733654572,0,0.00655335040582149,0.0089487914543095,0.00904062271834357,0.00901716521141673,0.0070573363806941
"AIR PRDS.& CHEMS.",0,0,0,0,0,0,0.000324247907978364,0.000628915256996151,0.000700587886960771,0
"CAPITAL ONE FINL.",0,0,0,0,0,0.00718113342215823,0.00587687126665026,0.00605234459451784,0.00615412502879909,0.00817536636325087
"EDWARDS LIFESCIENCES",0.00381956842226649,0.00441392490887898,0.00441832724255123,0.00441602502375201,0.00558127412455195,NA,NA,NA,NA,NA
"FREEPORT-MCMORAN",0.00277448031062185,0.00262100995443148,0.00262157129963026,0.00262258051245946,0.0026281484588275,0.00204362900693131,0.0030814485272733,0.00299259756494375,0.00300344303380179,0.00141396684108103
"LOEWS",0,0,0,0,0,NA,NA,NA,NA,NA
"LULULEMON ATHLETICA",0,0,0,0,0,0.000654957552923339,0,0,0,0
"MOTOROLA SOLUTIONS",0,0,0,0,0,0.00262461261142905,0.00262849874502557,0.00265880186017475,0.00266650875947417,0.00118882466194632
"MSCI",0.00136510281414962,0,0,0,0,0.000407452455287946,0.00177449413463235,0.00173386890488514,0.00165233010705777,0
"NASDAQ",0.00732254446239168,0.00702102775515963,0.00703234606996865,0.00703619715028758,0.0080507954316491,0.00623955314074607,0.00789828977441328,0.00794511353094181,0.00794351500539756,0.00594926853653316
"NORFOLK SOUTHERN",0,0,0,0,0,0.00832601830366808,0.00824074954577405,0.00783078026715338,0.00772134923533047,0.0110997139978124
"PRUDENTIAL FINL.",0.000502849302729723,0,0,0,0,NA,NA,NA,NA,NA
"REPUBLIC SVS.'A'",0.00632515865021546,0.00658607137796628,0.00656828191433823,0.00656233252745074,0.0067415169008193,0,0,0,0,0
"ROPER TECHNOLOGIES",0,0,0,0,0,0,0,0,0,0
"AFLAC",0,0,0,0,0,0,0,0,0,0
"AGILENT TECHS.",0,0,0,0,0,NA,NA,NA,NA,NA
"AMERICAN INTL.GP.",0,0,0,0,0,0.00144835384300457,0,0,0,0
"ARTHUR J GALLAGHER",0.00376210023694413,0.00326337279457218,0.00326865620049653,0.00327250657829065,0.00292036893196687,NA,NA,NA,NA,NA
"AUTOZONE",0.00538468914498691,0.00582180650046039,0.00581068393565528,0.00581175794432722,0.00581758901101913,0.00529045507253777,0.00419895202821905,0.00423891146225487,0.00422431038110414,0.00585754061199022
"COPART",0,0,0,0,0,NA,NA,NA,NA,NA
"D R HORTON",0,0,0,0,0,NA,NA,NA,NA,NA
"DEXCOM",0.00128758404155041,0.00140612998824708,0.00140166220263704,0.00140166067800049,0.000129726248612272,0,0,0,0,0
"FORTINET",0,0,0,0,0,0.00168537780002691,0.00260496186662096,0.00265655590027012,0.00272341637797846,0
"HILTON WORLDWIDE HDG.",0,0,0,0,0,0.000563572120408174,0.00161170637871746,0.00157789288708399,0.00161470556898178,0
"METLIFE",0.00451016458774186,0.0047591725151048,0.0047446040962337,0.00474194952910885,0.0043908785428607,0.00570189181501256,0.00436444335535547,0.00429055979393351,0.00433578136123055,0.00855310108659878
"MICROCHIP TECH.",5.41489320006028e-05,0,0,0,0,NA,NA,NA,NA,NA
"PUBLIC STORAGE",0,0,0,0,0,NA,NA,NA,NA,NA
"SEMPRA",0.00113486091655579,0.000621360933042787,0.000611500641638263,0.000606846678563903,0,NA,NA,NA,NA,NA
"TRUIST FINANCIAL",0,0,0,0,0,0.00140270516719326,0,0,0,0
"VALERO ENERGY",0,0,0,0,0,NA,NA,NA,NA,NA
"WELLTOWER",0,0,0,0,0,0.000140396679999882,0,0,0,0
"ALLSTATE ORD SHS",0,0,0,0,0,NA,NA,NA,NA,NA
"ARCHER DANIELS MIDLAND",0.00364191540283186,0.00251041630149957,0.0025165090435078,0.00251542128357973,0.00294062360045533,0.00339281109824781,0.00355100417060409,0.0035288638405662,0.00355540506031568,0.00538070909950779
"BANK OF NEW YORK MELLON",0.00466947088184347,0.00470202240615888,0.0046918554641909,0.00469388267481147,0.00572485349760517,NA,NA,NA,NA,NA
"CENCORA",0.00255442310260282,0.00311313744759135,0.00311289402396549,0.00311680968839938,0.00355350970238865,NA,NA,NA,NA,NA
"CONSTELLATION BRANDS 'A'",0,0,0,0,0,NA,NA,NA,NA,NA
"CROWN CASTLE",0.0022953844450936,0.00165412761419155,0.0016560768314781,0.00163240938103997,0.0035152320380327,NA,NA,NA,NA,NA
"DIGITAL REALTY TST.",0.00207009125179744,0.0014837144932276,0.00147629988109076,0.00147866831708786,0.00158405283612179,0.00476830164823891,0.00567376630307713,0.00570139921287889,0.00571013036410016,0.00524867660333381
"IDEXX LABORATORIES",0.00438581194560833,0.00414849913835627,0.00414294319202687,0.0041353918744786,0.00501000906789694,0.00448811529286903,0.00216099176916383,0.00211019415684279,0.00210574550437397,0.00223317209578843
"IQVIA HOLDINGS",0.00328749852728955,0.00351274052415955,0.00351279642121508,0.00351743095694509,0.00364767128913634,0.00596970522423752,0.00369960471594668,0.00374958706802281,0.00377121577615441,0.00682988132252906
"MONOLITHIC PWR.SYS.",0.0018023294507794,0.000598568002183452,0.000604439455309806,0.000614159800725818,0,NA,NA,NA,NA,NA
"NEWMONT",0,0,0,0,0,0.00379110446727829,0.000880841176669368,0.000723644006222806,0.000618238985603939,0.0054420225755172
"NUCOR",0,0,0,0,0,0.00340775749317843,0.000421352571086812,0.000584735787485513,0.0005936365733583,0.00152107138729224
"OLD DOMINION FGT.LINES",0,0,0,0,0,NA,NA,NA,NA,NA
"REALTY INCOME",0,0,0,0,0,NA,0.000936434457370543,0.00120303617807154,0.00142512115644098,NA
"ROSS STORES",0.00224046771808983,0.00143648935408795,0.00143971561919737,0.00143841695094558,0.000610733304539312,NA,NA,NA,NA,NA
"SIMON PROPERTY GROUP",0,0,0,0,0,NA,NA,NA,NA,NA
"TRAVELERS COS.",0,0,0,0,0,0.00330675919102135,0.00782720755459879,0.0079031701210879,0.00792135087307164,0.000704894397782661
"UNITED RENTALS",0,0,0,0,0,NA,NA,NA,NA,NA
"WW GRAINGER",0,0,0,0,0,NA,NA,NA,NA,NA
"AMER.ELEC.PWR.",0,0,0,0,0,0,0,0,0,0
"AMERIPRISE FINL.",0.00779558363379407,0.0095189535149845,0.00952528392457791,0.0095303899999476,0.0119330192972499,0.00524670531574908,0.00605104466523198,0.00585930333239289,0.00582862239137574,0.00711851138997032
"AMETEK",0.00710768786239784,0.00796716861226319,0.00796125008951553,0.00796111049606431,0.010947259813982,NA,NA,NA,NA,NA
"CENTENE",0,0,0,0,0,NA,NA,NA,NA,NA
"CHARTER COMMS.CL.A",0,0,0,0,0,NA,0.00591827135495116,0.00587071828189764,0.00586282733906267,NA
"COSTAR GP.",0,0,0,0,0,NA,NA,NA,NA,NA
"DOMINION ENERGY",0,0,0,0,0,NA,NA,NA,NA,NA
"ESTEE LAUDER COS.'A'",0.00116805273925599,0.000589612999620094,0.000587052727752558,0.000591887531671795,0,0.00369519187213881,0.00321596092322419,0.00328647352027198,0.00328924546607817,0.00388040508264161
"FASTENAL",0,0,0,0,0,NA,NA,NA,NA,NA
"HESS",0.000223258896821097,0,0,0,0,0.00435104669139631,0.00403600710303652,0.00403845990074142,0.00403746860336461,0.00390657929816654
"HP",0.00431894706618786,0.00342718976922139,0.00342544093299406,0.00343204941074544,0.00385456159593471,NA,NA,NA,NA,NA
"HUMANA",0,0,0,0,0,NA,NA,NA,NA,NA
"JOHNSON CONTROLS INTL.",0.00115466242932219,0.000383592537104079,0.000387197189969566,0.000385031776583088,0,NA,NA,NA,NA,NA
"KEURIG DR PEPPER",0,0,0,0,0,NA,NA,NA,NA,NA
"KIMBERLY-CLARK",0.00174022563015657,0.00199907686645026,0.00199125183088759,0.00198080141393977,2.03247231518685e-05,NA,NA,NA,NA,NA
"KINDER MORGAN",0.00184673266969702,0.0012914098625822,0.00131184701429897,0.00131385978141211,0.00100119672506519,NA,NA,NA,NA,NA
"KRAFT HEINZ",0,0,0,0,0,NA,NA,NA,NA,NA
"KROGER",0.00160021181739178,0.00167315103354554,0.00167086369824835,0.00166706613141155,0.000936130286121835,NA,NA,NA,NA,NA
"L3HARRIS TECHNOLOGIES",0,0,0,0,0,NA,NA,NA,NA,NA
"LENNAR 'A'",0.00103257234599945,0.00106049551790235,0.00105752262093785,0.00105281331650179,0,NA,NA,NA,NA,NA
"ONEOK",0,0,0,0,0,0.00473472108837645,0.00660705108165422,0.00670699984906425,0.00675693244537363,0.00657471724197217
"PAYCHEX",0.00209117081513487,0.00129975842572331,0.00131914074315979,0.00134486616110765,0,0.00149557110950237,0.0014450142328943,0.00141717205217075,0.0014392625232359,0
"TE CONNECTIVITY",0.000132906627990233,0.00011804354047819,0.000129743579439592,0.00016296687776274,0,NA,NA,NA,NA,NA
"WILLIAMS",0.00109615843195106,0.000113480749255201,0.000116379895113625,0.000119663366331209,0,0.00371013447736919,0.00591972424060371,0.0059930999265477,0.00606126588771729,0.00225213637650772
"COGNIZANT TECH.SLTN.'A'",0.00195902124411655,0.00129910887185335,0.00129631703875183,0.00131707045535114,0,0.00575757795260684,0.00128784772437046,0.00144054200772956,0.00150067544688805,0.00358179962356433
"CUMMINS",0,0,0,0,0,NA,NA,NA,NA,NA
"DELTA AIR LINES",0.000207481595227595,0,0,0,0,NA,NA,NA,NA,NA
"DIAMONDBACK ENERGY",0,0,0,0,0,NA,NA,NA,NA,NA
"ELECTRONIC ARTS",0,0,0,0,0,NA,NA,NA,NA,NA
"EXELON",0.00211303781427276,0.00118548591229677,0.00119342069816245,0.00121609046284217,2.94088379535159e-05,0.000213447815905883,0,0,0,0
"FIDELITY NAT.INFO.SVS.",0.00309004172274483,0.00342464446615324,0.00342252777253771,0.00343418730763583,0.00392740326052634,0.00093052367319252,0,0,0,0
"GARTNER 'A'",0,0,0,0,0,NA,NA,NA,NA,NA
"GENERAL MILLS",0,0,0,0,0,0,0,0,0,0
"LAS VEGAS SANDS",0,0,0,0,0,NA,NA,NA,NA,NA
"MARTIN MRTA.MATS.",0,0,0,0,0,0.00379819702897739,0.00234144543086171,0.00235529744876721,0.00235891841159166,0.00364673229707043
"ON SEMICONDUCTOR",0,0,0,0,0,NA,NA,NA,NA,NA
"PG&E",0,0,0,0,0,0.00119780998932574,0.00113186464782108,0.00108140016720091,0.0010499794401458,0.000957930849941163
"QUANTA SERVICES",0.00227617160835277,0.00266773687283475,0.00266797637117006,0.00267563643284193,0.00266177624376091,0.00056983499587896,0.00107027061143154,0.00116938580648666,0.00123405507462295,0
"ROCKWELL AUTOMATION",0,0,0,0,0,NA,NA,NA,NA,NA
"SYSCO",0,0,0,0,0,NA,NA,NA,NA,NA
"VULCAN MATERIALS",0.00194165279600125,0.00219223099726016,0.00219118817873475,0.00218681056549459,0.00168192049595487,NA,NA,NA,NA,NA
"YUM! BRANDS",0.00556896414764861,0.00659404215866325,0.00659210054645713,0.00659884934334661,0.00806141470909664,0.00481479061142485,0.00277455127980452,0.00283915595608135,0.00287737978017171,0.00199065893522737
"ANSYS",0.00429496574913849,0.00306306078672871,0.00306634078170731,0.00308345380133763,0.00409009050850215,NA,NA,NA,NA,NA
"ARCH CAP.GP.",0,0,0,0,0,NA,NA,NA,NA,NA
"BAKER HUGHES A",0,0,0,0,0,NA,NA,NA,NA,NA
"BIOGEN",0.00101817602192719,0.00041864390417226,0.000418216104419373,0.000418004300353815,0,NA,NA,NA,NA,NA
"CARNIVAL",0,0,0,0,0,0.00416232658945706,0.0034004525956212,0.00317505195020862,0.00305701608129012,0.00615805398105326
"CDW",0,0,0,0,0,NA,NA,NA,NA,NA
"CONSOLIDATED EDISON",0,0,0,0,0,0,0,0,0,0
"DISCOVER FINANCIAL SVS.",0,0,0,0,0,NA,NA,NA,NA,NA
"DOLLAR GENERAL",0.000668607210259663,0.000977351105233676,0.000971802398093675,0.000976223862529959,0,NA,NA,NA,NA,NA
"DOLLAR TREE",0,0,0,0,0,0.000811850567948698,0,0,0,0
"EBAY",0.00237529514986844,0.00137135707319874,0.00137473065398602,0.00137815632563959,0.00129378675773197,0.00223237022829444,0.00137241216633733,0.00147552996047565,0.00147255448530093,0
"EQUIFAX",0.00150720686261639,0.00193610932318138,0.00193149895648008,0.00193456608738368,0.00016919111185926,NA,NA,NA,NA,NA
"EXTRA SPACE STRG.",0.000265693314451173,0.000457660710596868,0.000446762526871445,0.000446560589144589,0,0.0085115742727928,0.00622564940586243,0.00582770601494124,0.00562032739912696,0.0142777011744029
"FAIR ISAAC",0,0,0,0,0,NA,NA,NA,NA,NA
"FEDERAL REALTY INV.TST.",0,0,0,0,0,0.000809490426726184,0,0,0,0
"GLOBAL PAYMENTS",0,0,0,0,0,NA,NA,NA,NA,NA
"HALLIBURTON",0,0,0,0,0,0.00207335478796037,0.000742769108172318,0.00073784703618268,0.000690230587623818,0.00141385488769487
"LYONDELLBASELL INDS.CL.A",0,0,0,0,0,0,0.000278396257477256,0.000217129044848199,0.000157915500230533,0
"PPG INDUSTRIES",0,0,0,0,0,NA,NA,NA,NA,NA
"PUB.SER.ENTER.GP.",0.00389321703746178,0.00453975357854965,0.00453807376244093,0.00453061217709252,0.00575491295996475,0.00610416347749092,0.00352678428373351,0.00372265673536155,0.00369123180569727,0.00793737426725539
"ROYAL CARIBBEAN GROUP",0,0,0,0,0,0.00217861142803484,0.00151403182507399,0.00175175296441025,0.00186148035279116,0
"SMITH (AO)",0,0,0,0,0,0.00661284774737521,0.00430627542422788,0.0043430340318986,0.00440082945086853,0.00729146719444159
"VERISK ANALYTICS CL.A",0.00225975389498791,0.00196673494496088,0.00196878875481783,0.00196801787320923,0.000722836514213195,0.00668821181310236,0.00673085376843236,0.00685794147166527,0.00690249373561856,0.00779894429121203
"XYLEM",0,0,0,0,0,NA,NA,NA,NA,NA
"ALEXANDRIA RLST.EQTIES.",0,0,0,0,0,NA,NA,NA,NA,NA
"AVALONBAY COMMNS.",0,0,0,0,0,NA,NA,NA,NA,NA
"CARDINAL HEALTH",0.000453843300601274,0.000272066528904,0.000277123885230208,0.00027830686413328,0,0.000608839325164118,0.00155530832495842,0.00157002787698792,0.00159115511596464,0
"CBRE GROUP CLASS A",0,0,0,0,0,NA,NA,NA,NA,NA
"CHURCH & DWIGHT CO.",0,0,0,0,0,0,NA,NA,NA,0
"COOPER COS.",0,0,0,0,0,0,0,0,0,0
"CORNING",0,0,0,0,0,NA,NA,NA,NA,NA
"DEVON ENERGY",0,0,0,0,0,NA,NA,NA,NA,NA
"EDISON INTL.",0,0,0,0,0,NA,NA,NA,NA,NA
"EVERSOURCE ENERGY",2.16803151607128e-05,0,0,0,0,NA,NA,NA,NA,NA
"FIFTH THIRD BANCORP",0,0,0,0,0,0,0,0,0,0
"FORTIVE",0,0,0,0,0,0,0,0,0,0
"GARMIN",0,0,0,0,0,0.00480994277080786,0.00559460916901513,0.00553903993359113,0.00546911556532316,0.00624443949807944
"HARTFORD FINL.SVS.GP.",0,0,0,0,0,NA,NA,NA,NA,NA
"HERSHEY",0,0,0,0,0,0.000748056854717133,0,0,0,0
"HOWMET AEROSPACE",0.0013745903765866,0.00111024610249749,0.00111047994793145,0.00110756780066585,0,NA,NA,NA,NA,NA
"IRON MOUNTAIN",0,0,0,0,0,0.000545921885423484,0.00084173750811669,0.00105039026708178,0.00111525550709289,0
"KEYSIGHT TECHNOLOGIES",0,0,0,0,0,NA,NA,NA,NA,NA
"M&T BANK",0,0,0,0,0,NA,NA,NA,NA,NA
"MARATHON OIL",0.00397110417211106,0.00451660679576093,0.00451409357627918,0.00450753102346492,0.00508510621590367,0.00127499986002463,0.000520715394446053,0.000427611717954578,0.000380146359029118,0
"METTLER TOLEDO INTL.",0.00152322641912723,0.0010051000367162,0.000995226565552229,0.000999909171621082,0,0.000383855122445205,0,0,0,0
"PTC",0,0,0,0,0,0,0,0,0,0
"RAYMOND JAMES FINL.",0.00253143212548747,0.00153654055169533,0.00156129833773243,0.00155516060439076,0.000614009143988333,0.00312041408708696,0.00290229797902184,0.00287972676406598,0.00297604819074888,0.000603620188421489
"RESMED",0,0,0,0,0,0.00600230855793406,0.000117032197791557,0.000349646863730884,0.000500691381106676,0.00527833885916117
"STATE STREET",0,0,0,0,0,0.00303313588259626,0.00442530882780608,0.00409517348243008,0.00397613872820636,0.00414027965264447
"T ROWE PRICE GROUP",0.00503383730189482,0.00531348282470268,0.00531687099933704,0.00533058371516075,0.00711704059860685,NA,NA,NA,NA,NA
"TRACTOR SUPPLY",0,0,0,0,0,NA,NA,NA,NA,NA
"ULTA BEAUTY",0,0,0,0,0,NA,NA,NA,NA,NA
"WABTEC",0.00109440643630907,0.00137924790434866,0.00137669764248625,0.00138542570926524,0,NA,NA,NA,NA,NA
"WEC ENERGY GROUP",0,0,0,0,0,0,0,0,0,0
"WEST PHARM.SVS.",0.00334681455260203,0.00295300990508494,0.0029477135843865,0.00295635473679246,0.00247682541984592,NA,NA,NA,NA,NA
"WEYERHAEUSER",0.000704138445600891,0.000528797394931517,0.000525674732412121,0.000520222779108873,0,0,0,0,0,0
"WILLIS TOWERS WATSON",0,0,0,0,0,NA,NA,NA,NA,NA
"XCEL ENERGY",0,0,0,0,0,0,0,0,0,0
"ZIMMER BIOMET HDG.",0.00161930226131561,0.00151468271449666,0.00150823457744092,0.00150893705162985,0.00105078812507964,0.00244814022200155,0.000651494354908738,0.000709016844282913,0.000745065780876277,0.00150801469600758
"ALIGN TECHNOLOGY",0,0,0,0,0,NA,NA,NA,NA,NA
"AMERICAN WATER WORKS",0.00458862553321676,0.00616084953890903,0.00616238935537874,0.00616082915592169,0.00936729804630502,0.00455440704525823,0,0,0,0.00391141295828274
"APTIV",0,0,0,0,0,NA,NA,NA,NA,NA
"AXON ENTERPRISE",0,0,0,0,0,NA,NA,NA,NA,NA
"BALL",0,0,0,0,0,0.00296930392069519,0.00461462851507354,0.00462307467478125,0.00456528664740494,0.00236112180731556
"BAXTER INTL.",0,0,0,0,0,NA,NA,NA,NA,NA
"BEST BUY",0,0,0,0,0,0.0028622674172627,0.00271717071613559,0.00276004969538041,0.00276918918440019,0.00234545032461612
"BROADRIDGE FINL.SLTN.",0,0,0,0,0,0.0033073690416619,0.000721220900964182,0.000830454563639997,0.000854859449020553,0.00180712820562827
"BROWN & BROWN",0.00104812554069903,0,0,0,0,NA,NA,NA,NA,NA
"BUILDERS FIRSTSOURCE",0,0,0,0,0,NA,NA,NA,NA,NA
"CBOE GLOBAL MARKETS(BTS)",0,0,0,0,0,NA,NA,NA,NA,NA
"CF INDUSTRIES HDG.",0,0,0,0,0,NA,NA,NA,NA,NA
"DARDEN RESTAURANTS",0,0,0,0,0,0,0,0,0,0
"DOVER",0.00419547319805102,0.00467134958027599,0.00466417667726775,0.00466741976974032,0.00558347058852029,NA,NA,NA,NA,NA
"DTE ENERGY",0,0,0,0,0,NA,NA,NA,NA,NA
"ENPHASE ENERGY",0,0,0,0,0,NA,NA,NA,NA,NA
"ENTERGY",0.00266144599627208,0.00252504042072271,0.00252379142620157,0.00253400550460742,0.00167607875618601,NA,NA,NA,NA,NA
"EQT",0.0024087850715657,0.00289153760377961,0.00288532185072668,0.0028837165705766,0.00283282755767397,NA,NA,NA,NA,NA
"EQUITY RESD.TST.PROPS. SHBI",0.000457613584360516,0,0,0,0,NA,NA,NA,NA,NA
"FIRSTENERGY",0,0,0,0,0,0.00287986175211039,0.00159142155899161,0.00165073267757116,0.00173760475814599,0
"FLEETCOR TECHNOLOGIES",0.00083253116085117,0.000872052512177056,0.000861487333154507,0.000860666863867318,0,0.00142711353573307,0,0,0,0
"GENUINE PARTS",0.00539328939603143,0.00613373736335461,0.00613966880346832,0.00612108832162917,0.00820095288937189,0.0032531645672936,0.00571912915378503,0.00570681547927437,0.00572050454974577,0.00202231321686751
"HEWLETT PACKARD ENTER.",0,0,0,0,0,0.0077245669283962,0.00650877041370946,0.00641470152052016,0.00639294787543582,0.00905850222491403
"HUBBELL",0.00254922729299603,0.00151244071591979,0.00151593866783399,0.00151503730378754,0.000646427486662045,NA,NA,NA,NA,NA
"HUNT JB TRANSPORT SVS.",0.000506013991874576,0.000863534898074154,0.000862148410501459,0.000864445781208442,0,0,0,0,0,0
"ILLUMINA",0,0,0,0,0,NA,NA,NA,NA,NA
"INTL.FLAVORS & FRAG.",0,0,0,0,0,0,0,0,0,0
"LIVE NATION ENTM.",0,0,0,0,0,NA,NA,NA,NA,NA
"MOLINA HEALTHCARE",0,0,0,0,0,0.00240934020016476,0.0013270345325267,0.0013438277011885,0.00131391807920348,0.00348050324058498
"NETAPP",0,0,0,0,0,NA,NA,NA,NA,NA
"NVR",0,0,0,0,0,NA,NA,NA,NA,NA
"PPL",0,0,0,0,0,NA,NA,NA,NA,NA
"PULTEGROUP",0.00235418700042334,0.00285360218475687,0.00285152989026603,0.00285709270500911,0.00446017266328357,0.00520786778877211,0.00520462783383588,0.00508976118781545,0.00505321775881214,0.00621310550969028
"ROLLINS",0,0,0,0,0,NA,NA,NA,NA,NA
"SBA COMMS.",0.00153126956422567,0.00253761066234573,0.00252997479043079,0.00254044434809724,0,NA,NA,NA,NA,NA
"SOUTHWEST AIRLINES",0,0,0,0,0,0.00258716501508063,NA,NA,NA,0.00307826508516813
"STEEL DYNAMICS",0,0,0,0,0,0,0,0,0,0
"STERIS",0,0,0,0,0,NA,NA,NA,NA,NA
"TAKE TWO INTACT.SFTW.",0,0,0,0,0,NA,NA,NA,NA,NA
"TARGA RESOURCES",0,0,0,0,0,0.00161440795458422,0,0,0,0
"TELEDYNE TECHS.",0,0,0,0,0,0,0.00146648558676294,0.00144787750752876,0.00147368202418389,0
"VERISIGN",0,0,0,0,0,NA,NA,NA,NA,NA
"W R BERKLEY",0,0,0,0,0,NA,NA,NA,NA,NA
"WARNER BROS DISCOVERY SERIES A",0.0014566928991304,0.00124525164870653,0.00124504756989503,0.00124289923364597,0.000477436576577428,0.00586323141675955,0.00581770061446214,0.005804187722577,0.00576005548663099,0.00645730213809408
"WATERS",0,0,0,0,0,NA,NA,NA,NA,NA
"WESTERN DIGITAL",0,0,0,0,0,0,0,0,0,0
"AKAMAI TECHS.",0,0,0,0,0,NA,NA,NA,NA,NA
"AMEREN",0,0,0,0,0,NA,NA,NA,NA,NA
"ATMOS ENERGY",0.00141694945105456,0.00206185336163736,0.00205872506337524,0.00205475506339446,0,0.00353043830529904,0.0068416471843861,0.00674983082966342,0.00660518081579596,0.00433584600742258
"AVERY DENNISON",0.00101689606627231,0.000425226072615014,0.000425995806623606,0.000432538937503144,0,NA,NA,NA,NA,NA
"BROWN-FORMAN 'B'",0,0,0,0,0,0.00188135461944273,0.00303188363028781,0.0031691421066344,0.00319632412711911,0
"CELANESE",0,0,0,0,0,NA,NA,NA,NA,NA
"CENTERPOINT EN.",0,0,0,0,0,NA,NA,NA,NA,NA
"CINCINNATI FINL.",0,0,0,0,0,0,0,0,0,0
"CITIZENS FINANCIAL GROUP",0,0,0,0,0,NA,NA,NA,NA,NA
"CLOROX",0.00577613402614943,0.00513769923177379,0.00513165505095201,0.0051350487157554,0.00657164902857078,NA,NA,NA,NA,NA
"CMS ENERGY",0,0,0,0,0,NA,NA,NA,NA,NA
"COTERRA ENERGY",0.00295507747546975,0.00248382307460998,0.00248491525252793,0.00248747974412167,0.0028069690056826,NA,NA,NA,NA,NA
"DOMINO'S PIZZA",0,0,0,0,0,0.00137208502618435,0,0,0,0
"EPAM SYSTEMS",0,0,0,0,0,NA,NA,NA,NA,NA
"ESSEX PROPERTY TST.",0.00449922621527981,0.00504690917346932,0.00504047323135694,0.0050267614569643,0.00882649366573972,NA,NA,NA,NA,NA
"EVEREST GROUP",0,0,0,0,0,NA,NA,NA,NA,NA
"EXPEDIA GROUP",0,0,0,0,0,0.00206857643368937,0.0030997801629095,0.00297848226681835,0.00290754412735545,0.00133219095580388
"EXPEDITORS INTL.OF WASH.",0,0,0,0,0,0.00222561525483371,0.00185855106614673,0.00179736115453023,0.00177305273532154,7.84730940869083e-05
"FACTSET RESEARCH SYS.",0,0,0,0,0,NA,NA,NA,NA,NA
"FIRST SOLAR",0.000524712397127216,0.000490557557563248,0.000485242491367564,0.000485760271368855,0,0.000177187590243313,0,0,0,0
"GEN DIGITAL",0,0,0,0,0,0.00247394806273165,0.00103108755667898,0.00108900240051623,0.00111453741388335,0.00110037699587316
"HOLOGIC",0,0,0,0,0,NA,NA,NA,NA,NA
"HORMEL FOODS",0,0,0,0,0,NA,NA,NA,NA,NA
"HUNTINGTON BCSH.",0,0,0,0,0,0,0,0,0,0
"IDEX",0,0,0,0,0,0,0,0,0,0
"JABIL",0.000199633663577551,0,0,0,0,0.00248755678183568,0.000723576652455499,0.000679395043068475,0.000689468186774138,0.00281397551676459
"JACOBS SOLUTIONS",0,0,0,0,0,NA,NA,NA,NA,NA
"KELLANOVA",0,0,0,0,0,0.00121267407339321,0.00350801795420815,0.00335958354711905,0.00330629932464117,0
"LABORATORY CORP.OF AM. HDG.",0,0,0,0,0,0.00512552830947331,0.00320495695949554,0.00337455637201983,0.00346071770423381,0.0048823313433584
"LEIDOS HOLDINGS",0,0,0,0,0,0,0,0,0,0
"MASCO",0.000336074251210924,0.000428194824968263,0.000424948256895771,0.000416561159519029,0,NA,NA,NA,NA,NA
"MCCORMICK & COMPANY NV.",0,0,0,0,0,NA,NA,NA,NA,NA
"MID-AMER.APT COMMUNITIES",0.00201277030670828,0.00114871549345087,0.00116841519172706,0.00114313326768618,0.000595546137124609,0.00651569981636168,0.00512677280144246,0.00507910379154343,0.00505994526635436,0.00626232341547041
"NORDSON",0,0,0,0,0,0,0,0,0,0
"NORTHERN TRUST",0,0,0,0,0,NA,NA,NA,NA,NA
"OMNICOM GROUP",0,0,0,0,0,0.000747384828664036,0.000312006655908752,0.000321163363407981,0.000331931655536188,0
"PACKAGING CORP.OF AM.",0,0,0,0,0,NA,NA,NA,NA,NA
"POOL",0,0,0,0,0,0,0,0,0,0
"PRINCIPAL FINL.GP.",0.00274875312747849,0.00230225298280475,0.00230336394522472,0.00230459228868448,0.0013001814989856,NA,NA,NA,NA,NA
"REGIONS FINL.NEW",0.000301286986033774,0,0,0,0,0,NA,NA,NA,0
"SEAGATE TECHNOLOGY HOLDINGS",0,0,0,0,0,0.000279957280603351,0,0,0,0
"SKYWORKS SOLUTIONS",0,0,0,0,0,0.0029119549750722,0.000412522458941262,0.000700733485784855,0.000836406381789791,0.00117901858934221
"SNAP-ON",0,0,0,0,0,0.00139543021041575,0,0,0,0
"SYNCHRONY FINANCIAL",0,0,0,0,0,0.00995031247795644,0.0104651348730935,0.0104460370111393,0.0104211501006755,0.0103386140237299
"TERADYNE (XSC)",0.00188224827482494,0.000957437653659203,0.000955977839763059,0.000958004981434939,0,0,0,0,0,0
"TEXTRON",9.24655693868599e-05,0,0,0,0,0.001062291884516,0,0,0,0
"TRIMBLE",0,0,0,0,0,0.00272039141139465,0.00213302875490948,0.00201402398368995,0.00203157958076008,0.00332808431022574
"TYLER TECHNOLOGIES",0.00266511965961181,0.00232262920267344,0.00231954795412999,0.002315160782037,0.00280614550670705,NA,NA,NA,NA,NA
"TYSON FOODS 'A'",0,0,0,0,0,NA,NA,NA,NA,NA
"UNITED AIRLINES HOLDINGS",0,0,0,0,0,NA,NA,NA,NA,NA
"VENTAS",0,0,0,0,0,NA,NA,NA,NA,NA
"WALGREENS BOOTS ALLIANCE",0,0,0,0,0,NA,NA,NA,NA,NA
"AES",0,0,0,0,0,NA,NA,NA,NA,NA
"ALBEMARLE",0.000887878241615714,0.00075591971240341,0.000753777904298293,0.000751813110622912,0,0.000512277214588575,0.000217035435842345,0.000288802837095708,0.000286682438453766,0
"ALLEGION",0.000374008606754422,0,0,0,0,NA,NA,NA,NA,NA
"ALLIANT ENERGY (XSC)",0,0,0,0,0,NA,NA,NA,NA,NA
"AMERICAN AIRLINES GROUP",0.00638427300105159,0.0073888721944812,0.00737688424042398,0.00737327354426703,0.0081217565422159,NA,NA,NA,NA,NA
"APA",0,0,0,0,0,NA,NA,NA,NA,NA
"BATH AND BODY WORKS",0.00062909676278673,0.00113877191600256,0.00113368069861567,0.00112928311382765,0,0.000825561306930629,0,0,0,0
"BIO-TECHNE",0,0,0,0,0,NA,NA,NA,NA,NA
"BOSTON PROPERTIES",0,0,0,0,0,NA,NA,NA,NA,NA
"BUNGE GLOBAL",0,0,0,0,0,NA,NA,NA,NA,NA
"CAMDEN PROPERTY TST.",0,0,0,0,0,NA,NA,NA,NA,NA
"CAMPBELL SOUP",0.001818757031126,0.00162513416850847,0.00162284950205011,0.00162457078861639,0.000580264063995007,NA,NA,NA,NA,NA
"CARMAX",0,0,0,0,0,0.00161572043702416,NA,NA,NA,0.000269703638441881
"CATALENT",0,0,0,0,0,0,0,0,0,0
"CHAS.RVR.LABS.INTL.",0,0,0,0,0,NA,NA,NA,NA,NA
"CONAGRA BRANDS",0.00286589790860423,0.00318510779478972,0.00318329107020162,0.00318136322717992,0.00423204149283247,NA,NA,NA,NA,NA
"DAVITA",0,0,0,0,0,0.00235156378097044,0.00342227073029556,0.00333635096566833,0.0032837527203501,0.00287907699291944
"EASTMAN CHEMICAL",0,0,0,0,0,NA,NA,NA,NA,NA
"EVERGY",0,0,0,0,0,0.00145966988448314,0,0,0,0
"F5",0,0,0,0,0,0.00304686909055028,0.00280196084236439,0.00265107697416404,0.00260988368823681,0.00262113702043544
"FMC",0,0,0,0,0,0,0,0,0,0
"FRANKLIN RESOURCES",0.00183896202041032,0.00170862649171969,0.00171427872260213,0.00170983962539471,0.000122151659084451,0.0020789397520788,0.00511728689445969,0.00495603868270002,0.00487048259155599,0.000521842518004258
"GLOBE LIFE",0.00421355198903183,0.00350568311690812,0.00351014994489081,0.00349306884041412,0.00403291689877424,NA,NA,NA,NA,NA
"HEALTHPEAK PROPERTIES",0,0,0,0,0,NA,NA,NA,NA,NA
"HNTGTN.INGALLS INDS.",0,0,0,0,0,NA,NA,NA,NA,NA
"HOST HOTELS & RESORTS REIT",0.000968159392105411,0.000678117663799482,0.000676444316826746,0.000671161595730404,0,NA,NA,NA,NA,NA
"INCYTE",0,0,0,0,0,NA,NA,NA,NA,NA
"INSULET",0.00241517934721408,0.00314530684836266,0.00313971542717003,0.00313927726854121,0.00398198014359537,0.000827734293889175,2.66630142569406e-05,1.55438101465447e-05,2.42250357504952e-05,0
"INTERNATIONAL PAPER",0,0,0,0,0,NA,NA,NA,NA,NA
"INTERPUBLIC GROUP",0,0,0,0,0,NA,NA,NA,NA,NA
"J M SMUCKER",0.0015016404232413,0.00140655248164975,0.00139447636782015,0.00139656946221768,0,0.00468341476163278,0.00421367157481997,0.00416147899184397,0.00411857764838629,0.00597262595230209
"JACK HENRY AND ASSOCIATES",0,0,0,0,0,0.000214380711008798,0,0,0,0
"JUNIPER NETWORKS",0,0,0,0,0,NA,NA,NA,NA,NA
"KEYCORP",0,0,0,0,0,NA,NA,NA,NA,NA
"KIMCO REALTY",0,0,0,0,0,NA,NA,NA,NA,NA
"LAMB WESTON HOLDINGS",0,0,0,0,0,0,0,0,0,0
"LKQ",0,0,0,0,0,0.000936785135348947,0,0,0,0
"MGM RESORTS INTL.",0,0,0,0,0,NA,NA,NA,NA,NA
"MOLSON COORS BEVERAGE COMPANY B",0.000654584085123165,0.000912650483622863,0.000913317860895352,0.000908317557809395,0,NA,NA,NA,NA,NA
"MOSAIC",0,0,0,0,0,0.00108124653531329,0.000973859800638923,0.00105773664819627,0.00107762748913809,0
"NEWS 'A'",0,0,0,0,0,NA,NA,NA,NA,NA
"NISOURCE",0,0,0,0,0,NA,NA,NA,NA,NA
"NRG ENERGY",0,0,0,0,0,0,0,0,0,0
"PAYCOM SOFTWARE",0,0,0,0,0,0,0,0,0,0
"PENTAIR",0.000978791883143183,0.000613412068393399,0.000609332358216607,0.000607421901237814,0,0.000657132424256961,0.00293141972508712,0.00265117181837327,0.00255336243569095,0
"QORVO",0,0,0,0,0,NA,NA,NA,NA,NA
"QUEST DIAGNOSTICS",0,0,0,0,0,NA,NA,NA,NA,NA
"REGENCY CENTERS",0,0,0,0,0,0,0.000916610117356845,0.000943603266394367,0.000906017190095377,0
"REVVITY",0,0,0,0,0,0.00158547710759666,0.00285439713815742,0.00297235013188159,0.00294608302173635,0
"STANLEY BLACK & DECKER",0,0,0,0,0,NA,NA,NA,NA,NA
"TAPESTRY",0,0,0,0,0,0.00226000015874783,0.00133675186583465,0.00132097472852739,0.0012966234727118,0.00263833183132335
"TELEFLEX",0,0,0,0,0,NA,NA,NA,NA,NA
"UDR",0.00134788846261021,0.00218160800699793,0.00217228208483835,0.00220538960739233,0,NA,NA,NA,NA,NA
"UNIVERSAL HEALTH SVS.'B'",0,0.000556298297783399,0.000553984049782301,0.000556928995480314,0,0,0,0,0,0
"V F",0,0,0,0,0,NA,NA,NA,NA,NA
"VIATRIS",0.00211413695301495,0.00224337130725459,0.00224117095103708,0.00223936520983905,0.00194681941412004,0.00382005540316984,0.0026568634691147,0.00266360094838287,0.0026116417174809,0.00450826091444775
"WESTROCK",0,0,0,0,0,NA,NA,NA,NA,NA
"WYNN RESORTS",0,0,0,0,0,0.000434798034154251,0,0,0,0
"ZEBRA TECHNOLOGIES 'A'",0,0,0,0,0,NA,NA,NA,NA,NA
"ASSURANT",0,0,0,0,0,0,0.000297032026821732,0.000194852609511608,0.00014652013134959,0
"BIO-RAD LABORATORIES 'A'",0,0,0,0,0,0.0023383076384808,0,0,0,0.0023031361415032
"BORGWARNER",0,0,0,0,0,NA,NA,NA,NA,NA
"CAESARS ENTERTAINMENT",0,0,0,0,0,NA,NA,NA,NA,NA
"CH ROBINSON WWD.",0.000957037795067833,0.000745202994477033,0.0007403727883162,0.000740113992262451,0,NA,NA,NA,NA,NA
"COMERICA",0,0,0,0,0,NA,NA,NA,NA,NA
"DENTSPLY SIRONA",0,0,0,0,0,NA,NA,NA,NA,NA
"ETSY",0,0,0,0,0,0.000469323955135796,0,0,0,0
"GENERAC HOLDINGS",0.00330458796568386,0.00317450733548284,0.00317407098975382,0.00317144884108363,0.00337941925674957,NA,NA,NA,NA,NA
"HASBRO",0,0,0,0,0,NA,NA,NA,NA,NA
"HENRY SCHEIN",0.00224245494681769,0.00236874125637026,0.00236553581669856,0.00236339516026677,0.00215710681609032,0.00331760436751027,0.00340320248019177,0.00344873644587021,0.00344476676739674,0.0022200965466706
"INVESCO",0,0,0,0,0,NA,NA,NA,NA,NA
"MARKETAXESS HOLDINGS",0.00132517617306609,0.00159859375240022,0.00159053942767277,0.00159402281654267,0.00024964933634834,NA,NA,NA,NA,NA
"MATCH GROUP",0,0,0,0,0,NA,NA,NA,NA,NA
"MOHAWK INDUSTRIES",0,0,0,0,0,NA,NA,NA,NA,NA
"NORWEGIAN CRUISE LINE HDG.",0,0,0,0,0,NA,NA,NA,NA,NA
"PARAMOUNT GLOBAL B",0,0,0,0,0,NA,NA,NA,NA,NA
"PINNACLE WEST CAP.",0,5.79620447868069e-05,4.95952120609438e-05,4.98049327168408e-05,0,NA,NA,NA,NA,NA
"RALPH LAUREN CL.A",0,0,0,0,0,0.000824387133859346,0,0,0,0
"ROBERT HALF",0,0,0,0,0,NA,NA,NA,NA,NA
"WHIRLPOOL",0,0,0,0,0,NA,NA,NA,NA,NA
"ZIONS BANCORP.",0,0,0,0,0,0,0,0,0,0
"ALPHABET 'C'",0.0181671051247252,0,0,0,0,0.0293529913063753,0.029783054029907,0.029862919429312,0.0297196185775864,0.0292914925374508
"BERKSHIRE HATHAWAY 'B'",0.029657501302508,0.0332728128637675,0.0332911363288342,0.0332775684487087,0.0342621406185676,0.0298075480619062,0.0348631483025256,0.0342615687414979,0.0338413133319725,0.0344333504712339
"NEWS 'B'",0.00313782585691022,0.00340042958931703,0.00339725210205419,0.00339853754701163,0.00445273501559203,NA,NA,NA,NA,NA
